"ID","Description","GeneRatio","BgRatio","pvalue","p.adjust","qvalue","geneID","Count"
"GO:0019838","growth factor binding","6/43","135/18496",6.60387946247085e-07,0.000101039355775804,7.64659727233467e-05,"2065/1277/8828/7837/1281/1282",6
"GO:0048407","platelet-derived growth factor binding","3/43","11/18496",1.9062639277028e-06,0.000112747909321713,8.53269351591908e-05,"1277/1281/1282",3
"GO:0005201","extracellular matrix structural constituent","6/43","166/18496",2.21074332003358e-06,0.000112747909321713,8.53269351591908e-05,"25878/1277/7837/1284/1281/1282",6
"GO:0030020","extracellular matrix structural constituent conferring tensile strength","4/43","45/18496",3.51973861259758e-06,0.000134630001931858,0.000101887170364667,"1277/1284/1281/1282",4
"GO:0061459","L-arginine transmembrane transporter activity","2/43","13/18496",0.000405153446749737,0.0112972136504959,0.00854966289339212,"55089/6541",2
"GO:0005178","integrin binding","4/43","154/18496",0.000443027986293955,0.0112972136504959,0.00854966289339212,"7103/7070/1281/89",4
"GO:0015174","basic amino acid transmembrane transporter activity","2/43","20/18496",0.000976767660189711,0.0213493502870037,0.0161570590407321,"55089/6541",2
